{
    "site.sql": {
        "dbtype": "mysqli",
        "dbtech": "mysql",
        "dbname": "policaribe_sitio_web",
        "sqlfile": "site.sql",
        "marker": "\n\/**ABDB**\/",
        "dbhost": "localhost",
        "dbuser": "policaribe_sitio_web",
        "dbpass": "3{Il.@w80b~o",
        "prefix": "gg5w6_",
        "parts": 5,
        "tables": [
            "#__acymailing_action",
            "#__acymailing_config",
            "#__acymailing_fields",
            "#__acymailing_filter",
            "#__acymailing_forward",
            "#__acymailing_geolocation",
            "#__acymailing_history",
            "#__acymailing_list",
            "#__acymailing_listcampaign",
            "#__acymailing_listmail",
            "#__acymailing_listsub",
            "#__acymailing_mail",
            "#__acymailing_queue",
            "#__acymailing_rules",
            "#__acymailing_stats",
            "#__acymailing_subscriber",
            "#__acymailing_tag",
            "#__acymailing_tagmail",
            "#__acymailing_template",
            "#__acymailing_url",
            "#__acymailing_urlclick",
            "#__acymailing_userstats",
            "#__ak_profiles",
            "#__ak_stats",
            "#__ak_storage",
            "#__akeeba_common",
            "#__assets",
            "#__associations",
            "#__banner_clients",
            "#__banner_tracks",
            "#__banners",
            "#__categories",
            "#__contact_details",
            "#__content",
            "#__content_frontpage",
            "#__content_rating",
            "#__content_types",
            "#__contentitem_tag_map",
            "#__core_log_searches",
            "#__extensions",
            "#__fields",
            "#__fields_categories",
            "#__fields_groups",
            "#__fields_values",
            "#__finder_filters",
            "#__finder_links",
            "#__finder_links_terms0",
            "#__finder_links_terms1",
            "#__finder_links_terms2",
            "#__finder_links_terms3",
            "#__finder_links_terms4",
            "#__finder_links_terms5",
            "#__finder_links_terms6",
            "#__finder_links_terms7",
            "#__finder_links_terms8",
            "#__finder_links_terms9",
            "#__finder_links_termsa",
            "#__finder_links_termsb",
            "#__finder_links_termsc",
            "#__finder_links_termsd",
            "#__finder_links_termse",
            "#__finder_links_termsf",
            "#__finder_taxonomy",
            "#__finder_taxonomy_map",
            "#__finder_terms",
            "#__finder_terms_common",
            "#__finder_tokens",
            "#__finder_tokens_aggregate",
            "#__finder_types",
            "#__languages",
            "#__menu",
            "#__menu_types",
            "#__messages",
            "#__messages_cfg",
            "#__modules",
            "#__modules_menu",
            "#__newsfeeds",
            "#__nextend2_image_storage",
            "#__nextend2_section_storage",
            "#__nextend2_smartslider3_generators",
            "#__nextend2_smartslider3_sliders",
            "#__nextend2_smartslider3_sliders_xref",
            "#__nextend2_smartslider3_slides",
            "#__overrider",
            "#__postinstall_messages",
            "#__redirect_links",
            "#__schemas",
            "#__session",
            "#__spmedia",
            "#__sppagebuilder",
            "#__sppagebuilder_addons",
            "#__sppagebuilder_integrations",
            "#__sppagebuilder_languages",
            "#__sppagebuilder_sections",
            "#__spsimpleportfolio_items",
            "#__spsimpleportfolio_tags",
            "#__tags",
            "#__template_styles",
            "#__ucm_base",
            "#__ucm_content",
            "#__ucm_history",
            "#__update_sites",
            "#__update_sites_extensions",
            "#__updates",
            "#__user_keys",
            "#__user_notes",
            "#__user_profiles",
            "#__user_usergroup_map",
            "#__usergroups",
            "#__users",
            "#__utf8_conversion",
            "#__viewlevels"
        ]
    }
}